[
  {
    "name": "theme_info",
    "theme_name": "Venture",
    "theme_author": "Shopify",
    "theme_version": "12.0.2",
    "theme_documentation_url": "https:\/\/help.shopify.com\/manual\/using-themes\/themes-by-shopify\/venture",
    "theme_support_url": "https:\/\/support.shopify.com\/"
  },
  {
    "name": {
      "cs": "Barvy",
      "da": "Farver",
      "de": "Farben",
      "en": "Colors",
      "es": "Colores",
      "fi": "Värit",
      "fr": "Couleurs",
      "hi": "रंग",
      "it": "Colori",
      "ja": "色",
      "ko": "색상",
      "nb": "Farger",
      "nl": "Kleuren",
      "pl": "Kolory",
      "pt-BR": "Cores",
      "pt-PT": "Cores",
      "sv": "Färger",
      "th": "สี",
      "tr": "Renkler",
      "vi": "Màu sắc",
      "zh-CN": "颜色",
      "zh-TW": "色彩"
    },
    "settings": [
      {
        "type": "header",
        "content": {
          "cs": "Záhlaví",
          "da": "Overskrift",
          "de": "Header",
          "en": "Header",
          "es": "Encabezado",
          "fi": "Ylätunniste",
          "fr": "En-tête",
          "hi": "हैडर",
          "it": "Header",
          "ja": "ヘッダー",
          "ko": "헤더",
          "nb": "Header",
          "nl": "Koptekst",
          "pl": "Nagłówek",
          "pt-BR": "Cabeçalho",
          "pt-PT": "Cabeçalho",
          "sv": "Rubrik",
          "th": "ส่วนหัว",
          "tr": "Üstbilgi",
          "vi": "Đầu trang",
          "zh-CN": "标头",
          "zh-TW": "標頭"
        }
      },
      {
        "type": "color",
        "id": "color_header_bg",
        "label": {
          "cs": "Pozadí",
          "da": "Baggrund",
          "de": "Hintergrund",
          "en": "Background",
          "es": "Fondo",
          "fi": "Tausta",
          "fr": "Arrière-plan",
          "hi": "पृष्ठभूमि",
          "it": "Sfondo",
          "ja": "背景",
          "ko": "배경",
          "nb": "Bakgrunn",
          "nl": "Achtergrond",
          "pl": "Tło",
          "pt-BR": "Plano de fundo",
          "pt-PT": "Fundo",
          "sv": "Bakgrund",
          "th": "พื้นหลัง",
          "tr": "Arka plan",
          "vi": "Nền",
          "zh-CN": "背景",
          "zh-TW": "背景"
        },
        "default": "#000"
      },
      {
        "type": "color",
        "id": "color_header_links",
        "label": {
          "cs": "Odkazy",
          "da": "Links",
          "de": "Links",
          "en": "Links",
          "es": "Enlaces",
          "fi": "Linkit",
          "fr": "Liens",
          "hi": "लिंक",
          "it": "Links",
          "ja": "リンク",
          "ko": "링크",
          "nb": "Koblinger",
          "nl": "Links",
          "pl": "Linki",
          "pt-BR": "Links",
          "pt-PT": "Ligações",
          "sv": "Länkar",
          "th": "ลิงก์",
          "tr": "Bağlantılar",
          "vi": "Liên kết",
          "zh-CN": "链接",
          "zh-TW": "連結"
        },
        "default": "#fff"
      },
      {
        "type": "header",
        "content": {
          "cs": "Stránka",
          "da": "Side",
          "de": "Seite",
          "en": "Page",
          "es": "Página",
          "fi": "Sivu",
          "fr": "Page",
          "hi": "पेज",
          "it": "Pagina",
          "ja": "ページ",
          "ko": "페이지",
          "nb": "Side",
          "nl": "Pagina",
          "pl": "Strona",
          "pt-BR": "Página",
          "pt-PT": "Página",
          "sv": "Sida",
          "th": "หน้า",
          "tr": "Sayfa",
          "vi": "Trang",
          "zh-CN": "页面",
          "zh-TW": "頁面"
        }
      },
      {
        "type": "color",
        "id": "color_body_bg",
        "label": {
          "cs": "Pozadí stránky",
          "da": "Baggrund for side",
          "de": "Seitenhintergrund",
          "en": "Page background",
          "es": "Fondo de la página",
          "fi": "Tausta",
          "fr": "Fond de page",
          "hi": "पेज की पृष्ठभूमि",
          "it": "Sfondo pagina",
          "ja": "ページ背景",
          "ko": "페이지 배경",
          "nb": "Bakgrunn for side",
          "nl": "Achtergrond pagina",
          "pl": "Tło strony",
          "pt-BR": "Fundo da página",
          "pt-PT": "Fundo da página",
          "sv": "Sidans bakgrund",
          "th": "พื้นหลังของหน้า",
          "tr": "Sayfa arka planı",
          "vi": "Nền trang",
          "zh-CN": "页面背景",
          "zh-TW": "頁面背景"
        },
        "default": "#fff"
      },
      {
        "type": "color",
        "id": "color_content_bg",
        "label": {
          "cs": "Pozadí obsahu",
          "da": "Baggrund for indhold",
          "de": "Inhaltshintergrund",
          "en": "Content background",
          "es": "Fondo de contenido",
          "fi": "Sisällön tausta",
          "fr": "Arrière-plan du contenu",
          "hi": "सामग्री की पृष्ठभूमि",
          "it": "Sfondo contenuto",
          "ja": "コンテンツの背景",
          "ko": "콘텐츠 배경",
          "nb": "Bakgrunn for innhold",
          "nl": "Content achtergrond",
          "pl": "Tło treści",
          "pt-BR": "Plano de fundo do conteúdo",
          "pt-PT": "Fundo do conteúdo",
          "sv": "Innehållsbakgrund",
          "th": "พื้นหลังของเนื้อหา",
          "tr": "İçerik arka planı",
          "vi": "Nền nội dung",
          "zh-CN": "内容背景",
          "zh-TW": "內容背景"
        },
        "default": "#fff"
      },
      {
        "type": "color",
        "id": "color_body_headings",
        "label": {
          "cs": "Text nadpisu",
          "da": "Overskriftstekst",
          "de": "Überschriftentext",
          "en": "Heading text",
          "es": "Texto del encabezado",
          "fi": "Otsikkoteksti",
          "fr": "Texte du titre",
          "hi": "शीर्षक का टेक्स्ट",
          "it": "Testo del titolo",
          "ja": "見出しテキスト",
          "ko": "제목 텍스트",
          "nb": "Overskriftstekst",
          "nl": "Koptekst",
          "pl": "Tekst nagłówka",
          "pt-BR": "Texto do título",
          "pt-PT": "Texto do título",
          "sv": "Rubriktext",
          "th": "ข้อความส่วนหัว",
          "tr": "Başlık metni",
          "vi": "Văn bản tiêu đề",
          "zh-CN": "标题文本",
          "zh-TW": "標題文字"
        },
        "default": "#1a1a1a"
      },
      {
        "type": "color",
        "id": "color_body_text",
        "label": {
          "cs": "Základní text",
          "da": "Brødtekst",
          "de": "Fließtext",
          "en": "Body text",
          "es": "Texto del cuerpo",
          "fi": "Leipäteksti",
          "fr": "Corps du texte",
          "hi": "मुख्य भाग",
          "it": "Corpo del testo",
          "ja": "本文",
          "ko": "본문 텍스트",
          "nb": "Brødtekst",
          "nl": "Hoofdtekst",
          "pl": "Tekst podstawowy",
          "pt-BR": "Corpo do texto",
          "pt-PT": "Corpo de texto",
          "sv": "Brödtext",
          "th": "ข้อความเนื้อหา",
          "tr": "Gövde metni",
          "vi": "Văn bản nội dung",
          "zh-CN": "正文文本",
          "zh-TW": "內文"
        },
        "info": {
          "cs": "Tento text by měl být na stránce a vůči barvám pozadí obsahu jasně viditelný",
          "da": "Denne tekst skal tydelig kunne ses mod sidens og indholdets baggrundsfarver",
          "de": "Dieser Text sollte sich deutlich von den Farben der Seiten- und Inhaltshintergründe abheben.",
          "en": "This text should be clearly visible against page and content backgrounds colors",
          "es": "Este texto se debe ver claramente sobre los colores de fondo de la página y el contenido.",
          "fi": "Tämän tekstin tulee näkyä selvästi sivun ja sisällön taustojen värejä vasten",
          "fr": "Ce texte doit être clairement visible par rapport aux couleurs des fonds de page et de contenu",
          "hi": "यह टेक्स्ट पेज और सामग्री पृष्ठभूमि रंगों के सामने स्पष्ट रूप से दिखाई देना चाहिए",
          "it": "Questo testo dovrebbe essere chiaramente visibile rispetto ai colori di sfondo della pagina e del contenuto",
          "ja": "このテキストは、ページとコンテンツの背景色に対し、はっきりと見やすいものにしてください。",
          "ko": "이 텍스트는 페이지 및 콘텐츠 배경색에 대해 명확하게 표시되어야합니다.",
          "nb": "Denne teksten skal være godt synlig mot bakgrunnsfargene for siden og innholdet",
          "nl": "Deze tekst moet duidelijk zichtbaar zijn tegen kleuren van pagina's en contentachtergronden",
          "pl": "Tekst ten powinien być wyraźnie widoczny na tle kolorów tła strony i treści",
          "pt-BR": "Este texto deve ser claramente visível contra cores de planos de fundo de página e conteúdo",
          "pt-PT": "Este texto deverá ser claramente visível sobre as cores de fundo da página e dos conteúdos",
          "sv": "Denna text ska vara tydligt synlig mot bakgrunds- och innehållsfärger",
          "th": "ข้อความนี้ควรจะปรากฏให้เห็นชัดเจนเมื่อแสดงคู่กับสีพื้นหลังของหน้าและพื้นหลังของเนื้อหา",
          "tr": "Bu metin, sayfa ve içerik arka plan renkleri üzerinde görünür olmalıdır",
          "vi": "Văn bản này phải hiển thị rõ ràng trên màu nền trang và nội dung",
          "zh-CN": "此文本在页面和内容背景色的衬托下应清晰可见",
          "zh-TW": "此段文字在頁面和內容背景顏色套用後應清晰可見"
        },
        "default": "#666"
      },
      {
        "type": "color",
        "id": "color_button_bg",
        "label": {
          "cs": "Tlačítka, odkazy a panel propagačních akcí",
          "da": "Knapper, links og reklamebjælke",
          "de": "Schaltflächen, Links und Aktionsleiste",
          "en": "Buttons, links, and promotion bar",
          "es": "Botones, enlaces y barra de promoción",
          "fi": "Painikkeet, linkit ja mainostuspalkki",
          "fr": "Boutons, liens et barre de promotion",
          "hi": "बटन, लिंक, और प्रमोशन बार",
          "it": "Pulsanti, link e barra promozionale",
          "ja": "ボタン、リンク、プロモーションバー",
          "ko": "버튼, 링크 및 프로모션 바",
          "nb": "Knapper, koblinger og kampanjelinje",
          "nl": "Knoppen, links en promotiebalk",
          "pl": "Przyciski, linki i pasek promocji",
          "pt-BR": "Botões, links e barra de promoção",
          "pt-PT": "Botões, ligações e barra de promoção",
          "sv": "Knappar, länkar och kampanjfältet",
          "th": "ปุ่ม ลิงก์ และแถบโปรโมชัน",
          "tr": "Düğmeler, bağlantılar ve promosyon çubuğu",
          "vi": "Nút, liên kết và thanh quảng cáo",
          "zh-CN": "按钮、链接和促销栏",
          "zh-TW": "按鈕、連結與宣傳活動列"
        },
        "default": "#006eff"
      },
      {
        "type": "color",
        "id": "color_button_text",
        "label": {
          "cs": "Text tlačítka",
          "da": "Knaptekst",
          "de": "Schaltflächentext",
          "en": "Button text",
          "es": "Botón de texto",
          "fi": "Painikkeen teksti",
          "fr": "Texte du bouton",
          "hi": "बटन टेक्स्ट",
          "it": "Testo pulsante",
          "ja": "ボタンテキスト",
          "ko": "버튼 텍스트",
          "nb": "Knapptekst",
          "nl": "Knoptekst",
          "pl": "Tekst przycisku",
          "pt-BR": "Texto do botão",
          "pt-PT": "Texto do botão",
          "sv": "Knapptext",
          "th": "ข้อความปุ่ม",
          "tr": "Düğme metni",
          "vi": "Chữ trên nút",
          "zh-CN": "按钮文字",
          "zh-TW": "按鈕文字"
        },
        "default": "#fff"
      },
      {
        "type": "header",
        "content": {
          "cs": "Zápatí",
          "da": "Sidefod",
          "de": "Fußzeile",
          "en": "Footer",
          "es": "Pie de página",
          "fi": "Alatunniste",
          "fr": "Bas de page",
          "hi": "फुटर",
          "it": "Footer",
          "ja": "フッター",
          "ko": "바닥글",
          "nb": "Footer",
          "nl": "Voettekst",
          "pl": "Stopka",
          "pt-BR": "Rodapé",
          "pt-PT": "Rodapé",
          "sv": "Sidfot",
          "th": "ส่วนท้าย",
          "tr": "Altbilgi",
          "vi": "Chân trang",
          "zh-CN": "页脚",
          "zh-TW": "頁尾"
        }
      },
      {
        "type": "color",
        "id": "color_footer_bg",
        "label": {
          "cs": "Pozadí",
          "da": "Baggrund",
          "de": "Hintergrund",
          "en": "Background",
          "es": "Fondo",
          "fi": "Tausta",
          "fr": "Arrière-plan",
          "hi": "पृष्ठभूमि",
          "it": "Sfondo",
          "ja": "背景",
          "ko": "배경",
          "nb": "Bakgrunn",
          "nl": "Achtergrond",
          "pl": "Tło",
          "pt-BR": "Plano de fundo",
          "pt-PT": "Fundo",
          "sv": "Bakgrund",
          "th": "พื้นหลัง",
          "tr": "Arka plan",
          "vi": "Nền",
          "zh-CN": "背景",
          "zh-TW": "背景"
        },
        "default": "#000"
      },
      {
        "type": "color",
        "id": "color_footer_text",
        "label": {
          "cs": "Text",
          "da": "Tekst",
          "de": "Text",
          "en": "Text",
          "es": "Texto",
          "fi": "Teksti",
          "fr": "Texte",
          "hi": "टेक्स्ट",
          "it": "Testo",
          "ja": "テキスト",
          "ko": "텍스트",
          "nb": "Tekst",
          "nl": "Tekst",
          "pl": "Tekst",
          "pt-BR": "Texto",
          "pt-PT": "Texto",
          "sv": "Text",
          "th": "ข้อความ",
          "tr": "Metin",
          "vi": "Văn bản",
          "zh-CN": "文本",
          "zh-TW": "文字"
        },
        "default": "#fff"
      },
      {
        "type": "header",
        "content": {
          "cs": "Nadpisy prezentace",
          "da": "Titler på diasshow",
          "de": "Slideshow-Titel",
          "en": "Slideshow titles",
          "es": "Títulos de presentación",
          "fi": "Diaesityksen otsikot",
          "fr": "Titres de diaporama",
          "hi": "स्लाइड शो के शीर्षक",
          "it": "Titoli presentazione",
          "ja": "スライドショーのタイトル",
          "ko": "슬라이드 쇼 제목",
          "nb": "Titler på lysbildefremvisninger",
          "nl": "Titels voor diashows",
          "pl": "Tytuły pokazów slajdów",
          "pt-BR": "Títulos de apresentação de slides",
          "pt-PT": "Títulos de apresentação de diapositivos",
          "sv": "Bildspelstitlar",
          "th": "ชื่อสไลด์โชว์",
          "tr": "Slayt gösterisi başlıkları",
          "vi": "Tiêu đề bản trình chiếu",
          "zh-CN": "幻灯片标题",
          "zh-TW": "投影片標題"
        }
      },
      {
        "type": "color",
        "id": "color_hero_text",
        "label": {
          "cs": "Text",
          "da": "Tekst",
          "de": "Text",
          "en": "Text",
          "es": "Texto",
          "fi": "Teksti",
          "fr": "Texte",
          "hi": "टेक्स्ट",
          "it": "Testo",
          "ja": "テキスト",
          "ko": "텍스트",
          "nb": "Tekst",
          "nl": "Tekst",
          "pl": "Tekst",
          "pt-BR": "Texto",
          "pt-PT": "Texto",
          "sv": "Text",
          "th": "ข้อความ",
          "tr": "Metin",
          "vi": "Văn bản",
          "zh-CN": "文本",
          "zh-TW": "文字"
        },
        "default": "#fff"
      },
      {
        "type": "color",
        "id": "color_hero_bg",
        "label": {
          "cs": "Pozadí textu",
          "da": "Baggrund for tekst",
          "de": "Texthintergrund",
          "en": "Text background",
          "es": "Fondo de texto",
          "fi": "Tausta",
          "fr": "Arrière-plan du texte",
          "hi": "टेक्स्ट की पृष्ठभूमि",
          "it": "Sfondo testo",
          "ja": "テキスト背景",
          "ko": "텍스트 배경",
          "nb": "Bakgrunn for tekst",
          "nl": "Tekst achtergrond",
          "pl": "Tło tekstu",
          "pt-BR": "Fundo do texto",
          "pt-PT": "Fundo do texto",
          "sv": "Textbakgrund",
          "th": "พื้นหลังของข้อความ",
          "tr": "Metin arka planı",
          "vi": "Nền văn bản",
          "zh-CN": "文本背景",
          "zh-TW": "文字背景"
        },
        "default": "#006eff"
      }
    ]
  },
  {
    "name": {
      "cs": "Typografie",
      "da": "Typografi",
      "de": "Typografie",
      "en": "Typography",
      "es": "Tipografía",
      "fi": "Typografia",
      "fr": "Typographie",
      "hi": "Typography",
      "it": "Caratteri tipografici",
      "ja": "文字体裁",
      "ko": "입력 체계",
      "nb": "Typografi",
      "nl": "Typografie",
      "pl": "Typografia",
      "pt-BR": "Tipografia",
      "pt-PT": "Tipografia",
      "sv": "Typografi",
      "th": "ตัวพิมพ์",
      "tr": "Tipografi",
      "vi": "Kiểu chữ",
      "zh-CN": "版式",
      "zh-TW": "印刷樣式"
    },
    "settings": [
      {
        "type": "header",
        "content": {
          "cs": "Zvýraznění textu",
          "da": "Markeringstekst",
          "de": "Akzenttext",
          "en": "Accent text",
          "es": "Texto resaltado",
          "fi": "Korostettu teksti",
          "fr": "Texte en exergue",
          "hi": "उच्चारण टेक्स्ट",
          "it": "Testo in risalto",
          "ja": "アクセントテキスト",
          "ko": "강조 텍스트",
          "nb": "Uthevet tekst",
          "nl": "Accenttekst",
          "pl": "Tekst akcentowany",
          "pt-BR": "Texto de destaque",
          "pt-PT": "Texto acentuado",
          "sv": "Accenttext",
          "th": "ข้อความเน้น",
          "tr": "Vurgu metni",
          "vi": "Chữ nổi bật",
          "zh-CN": "强调文本",
          "zh-TW": "顯眼文字"
        }
      },
      {
        "type": "font_picker",
        "id": "type_accent_family",
        "label": {
          "cs": "Písmo",
          "da": "Skrifttype",
          "de": "Schriftart",
          "en": "Font",
          "es": "Fuente",
          "fi": "Fontti",
          "fr": "Police",
          "hi": "फ़ॉन्ट",
          "it": "Font",
          "ja": "フォント",
          "ko": "글꼴",
          "nb": "Skrifttype",
          "nl": "Lettertype",
          "pl": "Czcionka",
          "pt-BR": "Fonte",
          "pt-PT": "Tipo de letra",
          "sv": "Typsnitt",
          "th": "แบบอักษร",
          "tr": "Yazı tipi",
          "vi": "Phông chữ",
          "zh-CN": "字体",
          "zh-TW": "字型"
        },
        "default": "unica_one_n4"
      },
      {
        "type": "checkbox",
        "id": "type_accent_spacing",
        "label": {
          "cs": "Proložení znaků",
          "da": "Lav afstand mellem bogstaver",
          "de": "Leerzeichen",
          "en": "Space letters",
          "es": "Espaciar letras",
          "fi": "Muuta kirjainten väliä",
          "fr": "Espacer les lettres",
          "hi": "स्पेस लेटर",
          "it": "Distanzia lettere",
          "ja": "文字の隙間を入れる",
          "ko": "자간",
          "nb": "Plass mellom bokstaver",
          "nl": "Spatie letters",
          "pl": "Wstaw spacje między literami",
          "pt-BR": "Espaçar letras",
          "pt-PT": "Espaçar letras",
          "sv": "Mellanslag",
          "th": "ตัวเว้นช่องว่าง",
          "tr": "Harfler arasında boşluk bırak",
          "vi": "Giãn cách chữ cái",
          "zh-CN": "隔开字母",
          "zh-TW": "在字母間空格"
        },
        "default": true
      },
      {
        "type": "checkbox",
        "id": "type_accent_transform",
        "label": {
          "cs": "Velká písmena",
          "da": "Gør bogstaver store",
          "de": "Großschreibung für Buchstaben",
          "en": "Capitalize letters",
          "es": "Poner letras en mayúsculas",
          "fi": "Isot kirjaimet",
          "fr": "Mettre les lettres en majuscules",
          "hi": "अक्षरों को कैपिटलाइज़ करें",
          "it": "Lettere maiuscole",
          "ja": "文字を大文字にする",
          "ko": "대문자로 하기",
          "nb": "Gjøre bokstavene store",
          "nl": "Hoofdletters gebruiken",
          "pl": "Zamień na wielkie litery",
          "pt-BR": "Letras maiúsculas",
          "pt-PT": "Colocar letras em maiúsculas",
          "sv": "Versala bokstäver",
          "th": "ทำให้ตัวอักษรเป็นพิมพ์ใหญ่",
          "tr": "Harfleri büyüt",
          "vi": "Viết hoa chữ cái",
          "zh-CN": "字母大写",
          "zh-TW": "將字母大寫"
        },
        "default": true
      },
      {
        "type": "header",
        "content": {
          "cs": "Základní text",
          "da": "Brødtekst",
          "de": "Fließtext",
          "en": "Body text",
          "es": "Texto del cuerpo",
          "fi": "Leipäteksti",
          "fr": "Corps du texte",
          "hi": "मुख्य भाग",
          "it": "Corpo del testo",
          "ja": "本文",
          "ko": "본문 텍스트",
          "nb": "Brødtekst",
          "nl": "Hoofdtekst",
          "pl": "Tekst podstawowy",
          "pt-BR": "Corpo do texto",
          "pt-PT": "Corpo de texto",
          "sv": "Brödtext",
          "th": "ข้อความเนื้อหา",
          "tr": "Gövde metni",
          "vi": "Văn bản nội dung",
          "zh-CN": "正文文本",
          "zh-TW": "內文"
        }
      },
      {
        "type": "font_picker",
        "id": "type_base_family",
        "label": {
          "cs": "Písmo",
          "da": "Skrifttype",
          "de": "Schriftart",
          "en": "Font",
          "es": "Fuente",
          "fi": "Fontti",
          "fr": "Police",
          "hi": "फ़ॉन्ट",
          "it": "Font",
          "ja": "フォント",
          "ko": "폰트",
          "nb": "Skrifttype",
          "nl": "Lettertype",
          "pl": "Czcionka",
          "pt-BR": "Fonte",
          "pt-PT": "Tipo de letra",
          "sv": "Typsnitt",
          "th": "แบบอักษร",
          "tr": "Yazı tipi",
          "vi": "Phông chữ",
          "zh-CN": "字体",
          "zh-TW": "字型"
        },
        "default": "karla_n4"
      },
      {
        "type": "select",
        "id": "type_base_size",
        "label": {
          "cs": "Velikost",
          "da": "Størrelse",
          "de": "Größe",
          "en": "Size",
          "es": "Tamaño",
          "fi": "Koko",
          "fr": "Taille",
          "hi": "आकार",
          "it": "Misura",
          "ja": "サイズ",
          "ko": "사이즈",
          "nb": "Størrelse",
          "nl": "Grootte",
          "pl": "Rozmiar",
          "pt-BR": "Tamanho",
          "pt-PT": "Tamanho",
          "sv": "Storlek",
          "th": "ขนาด",
          "tr": "Boyut",
          "vi": "Kích cỡ",
          "zh-CN": "大小",
          "zh-TW": "尺寸"
        },
        "options": [
          {
            "value": "14px",
            "label": {
              "cs": "14 px",
              "da": "14 px",
              "de": "14px",
              "en": "14px",
              "es": "14px",
              "fi": "14 pikseliä",
              "fr": "14 px",
              "hi": "14 पिक्सेल",
              "it": "14 px",
              "ja": "14ピクセル",
              "ko": "14픽셀",
              "nb": "14px",
              "nl": "14px",
              "pl": "14 px",
              "pt-BR": "14px",
              "pt-PT": "14 px",
              "sv": "14 px",
              "th": "14px",
              "tr": "14 piksel",
              "vi": "14 px",
              "zh-CN": "14 px",
              "zh-TW": "14px"
            }
          },
          {
            "value": "15px",
            "label": {
              "cs": "15 px",
              "da": "15 px",
              "de": "15px",
              "en": "15px",
              "es": "15px",
              "fi": "15 pikseliä",
              "fr": "15 px",
              "hi": "15 पिक्सेल",
              "it": "15 px",
              "ja": "15ピクセル",
              "ko": "15픽셀",
              "nb": "15px",
              "nl": "15px",
              "pl": "15 px",
              "pt-BR": "15px",
              "pt-PT": "15 px",
              "sv": "15 px",
              "th": "15px",
              "tr": "15 piksel",
              "vi": "15 px",
              "zh-CN": "15 px",
              "zh-TW": "15px"
            }
          },
          {
            "value": "16px",
            "label": {
              "cs": "16 px",
              "da": "16 px",
              "de": "16px",
              "en": "16px",
              "es": "16px",
              "fi": "16 pikseliä",
              "fr": "16 px",
              "hi": "16 पिक्सेल",
              "it": "16 px",
              "ja": "16ピクセル",
              "ko": "16픽셀",
              "nb": "16px",
              "nl": "16px",
              "pl": "16 px",
              "pt-BR": "16px",
              "pt-PT": "16 px",
              "sv": "16 px",
              "th": "16px",
              "tr": "16 piksel",
              "vi": "16 px",
              "zh-CN": "16 px",
              "zh-TW": "16px"
            }
          },
          {
            "value": "17px",
            "label": {
              "cs": "17 px",
              "da": "17 px",
              "de": "17px",
              "en": "17px",
              "es": "17px",
              "fi": "17 pikseliä",
              "fr": "17 px",
              "hi": "17 पिक्सेल",
              "it": "17 px",
              "ja": "17ピクセル",
              "ko": "17픽셀",
              "nb": "17px",
              "nl": "17px",
              "pl": "17 px",
              "pt-BR": "17px",
              "pt-PT": "17 px",
              "sv": "17 px",
              "th": "17px",
              "tr": "17 piksel",
              "vi": "17 px",
              "zh-CN": "17 px",
              "zh-TW": "17px"
            }
          }
        ]
      },
      {
        "type": "header",
        "content": {
          "cs": "Navigace a tlačítka",
          "da": "Navigation og knapper",
          "de": "Navigations- und Schaltflächen",
          "en": "Navigation and buttons",
          "es": "Navegación y botones",
          "fi": "Navigointi ja painikkeet",
          "fr": "Navigation et boutons",
          "hi": "नेविगेशन और बटन",
          "it": "Navigazione e pulsanti",
          "ja": "メニューとボタン",
          "ko": "탐색 및 버튼",
          "nb": "Navigasjon og knapper",
          "nl": "Navigatie en knoppen",
          "pl": "Nawigacja i przyciski",
          "pt-BR": "Navegação e botões",
          "pt-PT": "Navegação e botões",
          "sv": "Navigering och knappar",
          "th": "การนำทางและปุ่ม",
          "tr": "Gezinme ve düğmeler",
          "vi": "Menu điều hướng và nút",
          "zh-CN": "网站地图和按钮",
          "zh-TW": "導覽與按鈕"
        }
      },
      {
        "type": "select",
        "id": "type_nav_size",
        "label": {
          "cs": "Velikost",
          "da": "Størrelse",
          "de": "Größe",
          "en": "Size",
          "es": "Tamaño",
          "fi": "Koko",
          "fr": "Taille",
          "hi": "आकार",
          "it": "Misura",
          "ja": "サイズ",
          "ko": "사이즈",
          "nb": "Størrelse",
          "nl": "Grootte",
          "pl": "Rozmiar",
          "pt-BR": "Tamanho",
          "pt-PT": "Tamanho",
          "sv": "Storlek",
          "th": "ขนาด",
          "tr": "Boyut",
          "vi": "Kích cỡ",
          "zh-CN": "大小",
          "zh-TW": "尺寸"
        },
        "options": [
          {
            "value": "14px",
            "label": {
              "cs": "14 px",
              "da": "14 px",
              "de": "14px",
              "en": "14px",
              "es": "14px",
              "fi": "14 pikseliä",
              "fr": "14 px",
              "hi": "14 पिक्सेल",
              "it": "14 px",
              "ja": "14ピクセル",
              "ko": "14픽셀",
              "nb": "14px",
              "nl": "14px",
              "pl": "14 px",
              "pt-BR": "14px",
              "pt-PT": "14 px",
              "sv": "14 px",
              "th": "14px",
              "tr": "14 piksel",
              "vi": "14 px",
              "zh-CN": "14 px",
              "zh-TW": "14px"
            }
          },
          {
            "value": "15px",
            "label": {
              "cs": "15 px",
              "da": "15 px",
              "de": "15px",
              "en": "15px",
              "es": "15px",
              "fi": "15 pikseliä",
              "fr": "15 px",
              "hi": "15 पिक्सेल",
              "it": "15 px",
              "ja": "15ピクセル",
              "ko": "15픽셀",
              "nb": "15px",
              "nl": "15px",
              "pl": "15 px",
              "pt-BR": "15px",
              "pt-PT": "15 px",
              "sv": "15 px",
              "th": "15px",
              "tr": "15 piksel",
              "vi": "15 px",
              "zh-CN": "15 px",
              "zh-TW": "15px"
            }
          },
          {
            "value": "16px",
            "label": {
              "cs": "16 px",
              "da": "16 px",
              "de": "16px",
              "en": "16px",
              "es": "16px",
              "fi": "16 pikseliä",
              "fr": "16 px",
              "hi": "16 पिक्सेल",
              "it": "16 px",
              "ja": "16ピクセル",
              "ko": "16픽셀",
              "nb": "16px",
              "nl": "16px",
              "pl": "16 px",
              "pt-BR": "16px",
              "pt-PT": "16 px",
              "sv": "16 px",
              "th": "16px",
              "tr": "16 piksel",
              "vi": "16 px",
              "zh-CN": "16 px",
              "zh-TW": "16px"
            }
          },
          {
            "value": "17px",
            "label": {
              "cs": "17 px",
              "da": "17 px",
              "de": "17px",
              "en": "17px",
              "es": "17px",
              "fi": "17 pikseliä",
              "fr": "17 px",
              "hi": "17 पिक्सेल",
              "it": "17 px",
              "ja": "17ピクセル",
              "ko": "17픽셀",
              "nb": "17px",
              "nl": "17px",
              "pl": "17 px",
              "pt-BR": "17px",
              "pt-PT": "17 px",
              "sv": "17 px",
              "th": "17px",
              "tr": "17 piksel",
              "vi": "17 px",
              "zh-CN": "17 px",
              "zh-TW": "17px"
            }
          }
        ]
      },
      {
        "type": "checkbox",
        "id": "type_nav_spacing",
        "label": {
          "cs": "Proložení znaků",
          "da": "Lav afstand mellem bogstaver",
          "de": "Leerzeichen",
          "en": "Space letters",
          "es": "Espaciar letras",
          "fi": "Muuta kirjainten väliä",
          "fr": "Espacer les lettres",
          "hi": "स्पेस लेटर",
          "it": "Distanzia lettere",
          "ja": "文字の隙間を入れる",
          "ko": "자간",
          "nb": "Plass mellom bokstaver",
          "nl": "Spatie letters",
          "pl": "Wstaw spacje między literami",
          "pt-BR": "Espaçar letras",
          "pt-PT": "Espaçar letras",
          "sv": "Mellanslag",
          "th": "ตัวเว้นช่องว่าง",
          "tr": "Harfler arasında boşluk bırak",
          "vi": "Giãn cách chữ cái",
          "zh-CN": "隔开字母",
          "zh-TW": "在字母間空格"
        },
        "default": true
      },
      {
        "type": "checkbox",
        "id": "type_nav_transform",
        "label": {
          "cs": "Velké písmeno",
          "da": "Gør bogstav stort",
          "de": "Großschreibung für Buchstabe",
          "en": "Capitalize letter",
          "es": "Poner letra en mayúscula",
          "fi": "Isot kirjaimet",
          "fr": "Mettre la lettre en majuscules",
          "hi": "अक्षरों को कैपिटलाइज़ करें",
          "it": "Lettere maiuscole",
          "ja": "文字を大文字にする",
          "ko": "대문자로 하기",
          "nb": "Gjøre bokstaven stor",
          "nl": "Hoofdletters gebruiken",
          "pl": "Zamień na wielką literę",
          "pt-BR": "Letra maiúscula",
          "pt-PT": "Letra maiúscula",
          "sv": "Gör brevtexten stor",
          "th": "ทำให้ตัวอักษรเป็นพิมพ์ใหญ่",
          "tr": "Harfi büyüt",
          "vi": "Viết hoa chữ cái",
          "zh-CN": "字母大写",
          "zh-TW": "將字母大寫"
        },
        "default": true
      }
    ]
  },
  {
    "name": {
      "cs": "Stránka s kolekcemi",
      "da": "Kollektionsside",
      "de": "Kategorieseite",
      "en": "Collection page",
      "es": "Página de colecciones",
      "fi": "Kokoelmasivu",
      "fr": "Page de collection",
      "hi": "कलेक्शन पेज",
      "it": "Pagina di collezione",
      "ja": "コレクションページ",
      "ko": "컬렉션 페이지",
      "nb": "Samlingside",
      "nl": "Collectiepagina",
      "pl": "Strona kolekcji",
      "pt-BR": "Página Coleção",
      "pt-PT": "Página de coleção",
      "sv": "Produktseriesida",
      "th": "หน้าคอลเลกชัน",
      "tr": "Koleksiyon sayfası",
      "vi": "Trang bộ sưu tập",
      "zh-CN": "产品系列页面",
      "zh-TW": "商品系列頁面"
    },
    "settings": [
      {
        "type": "checkbox",
        "id": "product_images_padding",
        "label": {
          "cs": "Zobrazit rámeček kolem obrázků",
          "da": "Vis ramme omkring billeder",
          "de": "Rahmen um Bilder anzeigen",
          "en": "Show frame around images",
          "es": "Mostrar marco alrededor de las imágenes",
          "fi": "Näytä kehykset kuvien ympärillä",
          "fr": "Afficher le cadre autour des images",
          "hi": "इमेज के चारों ओर फ्रेम दिखाएं",
          "it": "Mostra cornice attorno alle immagini",
          "ja": "画像の周りにフレームを表示する",
          "ko": "이미지 주변에 프레임 표시",
          "nb": "Vis ramme rundt bilder",
          "nl": "Laat kader rond afbeeldingen zien",
          "pl": "Pokaż ramkę wokół obrazów",
          "pt-BR": "Exibir moldura em torno das imagens",
          "pt-PT": "Mostrar moldura em torno das imagens",
          "sv": "Visa ram runt bilder",
          "th": "แสดงกรอบรอบรูปภาพ",
          "tr": "Görsellerin etrafında çerçeve göster",
          "vi": "Hiển thị khung quanh hình ảnh",
          "zh-CN": "在图片周围显示框架",
          "zh-TW": "顯示圖片周圍邊框"
        },
        "default": true
      },
      {
        "type": "checkbox",
        "id": "product_vendor_enable",
        "label": {
          "cs": "Zobrazit dodavatele produktu",
          "da": "Vis produktleverandør",
          "de": "Produktanbieter anzeigen",
          "en": "Show product vendor",
          "es": "Mostrar proveedor del producto",
          "fi": "Näytä tuotteen myyjä",
          "fr": "Afficher le distributeur du produit",
          "hi": "उत्पाद विक्रेता दिखाएं",
          "it": "Mostra fornitore prodotto",
          "ja": "商品の販売元を表示する",
          "ko": "제품 공급 업체 표시",
          "nb": "Vis produktleverandør",
          "nl": "Productleverancier weergeven",
          "pl": "Pokaż dostawcę produktu",
          "pt-BR": "Exiba o fornecedor do produto",
          "pt-PT": "Mostrar o fornecedor do produto",
          "sv": "Visa produktsäljare",
          "th": "แสดงผู้ขายสินค้า",
          "tr": "Ürün satıcısını göster",
          "vi": "Hiển thị nhà cung cấp sản phẩm",
          "zh-CN": "显示产品厂商",
          "zh-TW": "顯示產品廠商"
        }
      }
    ]
  },
  {
    "name": {
      "cs": "Sociální sítě",
      "da": "Sociale medier",
      "de": "Social Media",
      "en": "Social media",
      "es": "Redes sociales",
      "fi": "Some",
      "fr": "Médias sociaux",
      "hi": "सोशल मीडिया",
      "it": "Social media",
      "ja": "ソーシャルメディア",
      "ko": "소셜 미디어",
      "nb": "Sosiale medier",
      "nl": "Social media",
      "pl": "Media społecznościowe",
      "pt-BR": "Redes sociais",
      "pt-PT": "Redes sociais",
      "sv": "Sociala medier",
      "th": "โซเชียลมีเดีย",
      "tr": "Sosyal medya",
      "vi": "Mạng xã hội",
      "zh-CN": "社交媒体",
      "zh-TW": "社交媒體"
    },
    "settings": [
      {
        "type": "header",
        "content": {
          "cs": "Účty",
          "da": "Konti",
          "de": "Konten",
          "en": "Accounts",
          "es": "cuentas",
          "fi": "Tilit",
          "fr": "Comptes",
          "hi": "खाते",
          "it": "Account",
          "ja": "アカウント",
          "ko": "계정",
          "nb": "Kontoer",
          "nl": "Accounts",
          "pl": "Konta",
          "pt-BR": "Contas",
          "pt-PT": "Contas",
          "sv": "Konton",
          "th": "บัญชี",
          "tr": "Hesaplar",
          "vi": "Tài khoản",
          "zh-CN": "账户",
          "zh-TW": "帳戶"
        }
      },
      {
        "type": "text",
        "id": "social_facebook_link",
        "label": {
          "cs": "Facebook",
          "da": "Facebook",
          "de": "Facebook",
          "en": "Facebook",
          "es": "Facebook",
          "fi": "Facebook",
          "fr": "Facebook",
          "hi": "Facebook",
          "it": "Facebook",
          "ja": "Facebook",
          "ko": "Facebook",
          "nb": "Facebook",
          "nl": "Facebook",
          "pl": "Facebook",
          "pt-BR": "Facebook",
          "pt-PT": "Facebook",
          "sv": "Facebook",
          "th": "Facebook",
          "tr": "Facebook",
          "vi": "Facebook",
          "zh-CN": "Facebook",
          "zh-TW": "Facebook"
        },
        "info": {
          "cs": "https:\/\/www.facebook.com\/shopify",
          "da": "https:\/\/www.facebook.com\/shopify",
          "de": "https:\/\/www.facebook.com\/shopify",
          "en": "https:\/\/www.facebook.com\/shopify",
          "es": "https:\/\/www.facebook.com\/shopify",
          "fi": "https:\/\/www.facebook.com\/shopify",
          "fr": "https:\/\/www.facebook.com\/shopify",
          "hi": "https:\/\/www.facebook.com\/shopify",
          "it": "https:\/\/www.facebook.com\/shopify",
          "ja": "https:\/\/www.facebook.com\/shopify",
          "ko": "https:\/\/www.facebook.com\/shopify",
          "nb": "https:\/\/www.facebook.com\/shopify",
          "nl": "https:\/\/www.facebook.com\/shopify",
          "pl": "https:\/\/www.facebook.com\/shopify",
          "pt-BR": "https:\/\/www.facebook.com\/shopify",
          "pt-PT": "https:\/\/www.facebook.com\/shopify",
          "sv": "https:\/\/www.facebook.com\/shopify",
          "th": "https:\/\/www.facebook.com\/shopify",
          "tr": "https:\/\/www.facebook.com\/shopify",
          "vi": "https:\/\/www.facebook.com\/shopify",
          "zh-CN": "https:\/\/www.facebook.com\/shopify",
          "zh-TW": "https:\/\/www.facebook.com\/shopify"
        }
      },
      {
        "type": "text",
        "id": "social_twitter_link",
        "label": {
          "cs": "Twitter",
          "da": "Twitter",
          "de": "Twitter",
          "en": "Twitter",
          "es": "Twitter",
          "fi": "Twitter",
          "fr": "Twitter",
          "hi": "Twitter",
          "it": "Twitter",
          "ja": "Twitter",
          "ko": "Twitter",
          "nb": "Twitter",
          "nl": "Twitter",
          "pl": "Twitter",
          "pt-BR": "Twitter",
          "pt-PT": "Twitter",
          "sv": "Twitter",
          "th": "Twitter",
          "tr": "Twitter",
          "vi": "Twitter",
          "zh-CN": "Twitter",
          "zh-TW": "Twitter"
        },
        "info": {
          "cs": "https:\/\/twitter.com\/shopify",
          "da": "https:\/\/twitter.com\/shopify",
          "de": "https:\/\/twitter.com\/shopify",
          "en": "https:\/\/twitter.com\/shopify",
          "es": "https:\/\/twitter.com\/shopify",
          "fi": "https:\/\/twitter.com\/shopify",
          "fr": "https:\/\/twitter.com\/shopify",
          "hi": "https:\/\/twitter.com\/shopify",
          "it": "https:\/\/twitter.com\/shopify",
          "ja": "https:\/\/twitter.com\/shopify",
          "ko": "https:\/\/twitter.com\/shopify",
          "nb": "https:\/\/twitter.com\/shopify",
          "nl": "https:\/\/twitter.com\/shopify",
          "pl": "https:\/\/twitter.com\/shopify",
          "pt-BR": "https:\/\/twitter.com\/shopify",
          "pt-PT": "https:\/\/twitter.com\/shopify",
          "sv": "https:\/\/twitter.com\/shopify",
          "th": "https:\/\/twitter.com\/shopify",
          "tr": "https:\/\/twitter.com\/shopify",
          "vi": "https:\/\/twitter.com\/shopify",
          "zh-CN": "https:\/\/twitter.com\/shopify",
          "zh-TW": "https:\/\/twitter.com\/shopify"
        }
      },
      {
        "type": "text",
        "id": "social_pinterest_link",
        "label": {
          "cs": "Pinterest",
          "da": "Pinterest",
          "de": "Pinterest",
          "en": "Pinterest",
          "es": "Pinterest",
          "fi": "Pinterest",
          "fr": "Pinterest",
          "hi": "Pinterest",
          "it": "Pinterest",
          "ja": "Pinterest",
          "ko": "Pinterest",
          "nb": "Pinterest",
          "nl": "Pinterest",
          "pl": "Pinterest",
          "pt-BR": "Pinterest",
          "pt-PT": "Pinterest",
          "sv": "Pinterest",
          "th": "Pinterest",
          "tr": "Pinterest",
          "vi": "Pinterest",
          "zh-CN": "Pinterest",
          "zh-TW": "Pinterest"
        },
        "info": {
          "cs": "https:\/\/www.pinterest.com\/shopify",
          "da": "https:\/\/www.pinterest.com\/shopify",
          "de": "https:\/\/www.pinterest.com\/shopify",
          "en": "https:\/\/www.pinterest.com\/shopify",
          "es": "https:\/\/www.pinterest.com\/shopify",
          "fi": "https:\/\/www.pinterest.com\/shopify",
          "fr": "https:\/\/www.pinterest.com\/shopify",
          "hi": "https:\/\/www.pinterest.com\/shopify",
          "it": "https:\/\/www.pinterest.com\/shopify",
          "ja": "https:\/\/www.pinterest.com\/shopify",
          "ko": "https:\/\/www.pinterest.com\/shopify",
          "nb": "https:\/\/www.pinterest.com\/shopify",
          "nl": "https:\/\/www.pinterest.com\/shopify",
          "pl": "https:\/\/www.pinterest.com\/shopify",
          "pt-BR": "https:\/\/www.pinterest.com\/shopify",
          "pt-PT": "https:\/\/www.pinterest.com\/shopify",
          "sv": "https:\/\/www.pinterest.com\/shopify",
          "th": "https:\/\/www.pinterest.com\/shopify",
          "tr": "https:\/\/www.pinterest.com\/shopify",
          "vi": "https:\/\/www.pinterest.com\/shopify",
          "zh-CN": "https:\/\/www.pinterest.com\/shopify",
          "zh-TW": "https:\/\/www.pinterest.com\/shopify"
        }
      },
      {
        "type": "text",
        "id": "social_instagram_link",
        "label": {
          "cs": "Instagram",
          "da": "Instagram",
          "de": "Instagram",
          "en": "Instagram",
          "es": "Instagram",
          "fi": "Instagram",
          "fr": "Instagram",
          "hi": "Instagram",
          "it": "Instagram",
          "ja": "Instagram",
          "ko": "Instagram",
          "nb": "Instagram",
          "nl": "Instagram",
          "pl": "Instagram",
          "pt-BR": "Instagram",
          "pt-PT": "Instagram",
          "sv": "Instagram",
          "th": "Instagram",
          "tr": "Instagram",
          "vi": "Instagram",
          "zh-CN": "Instagram",
          "zh-TW": "Instagram"
        },
        "info": {
          "cs": "https:\/\/instagram.com\/shopify",
          "da": "https:\/\/instagram.com\/shopify",
          "de": "https:\/\/instagram.com\/shopify",
          "en": "https:\/\/instagram.com\/shopify",
          "es": "https:\/\/instagram.com\/shopify",
          "fi": "https:\/\/instagram.com\/shopify",
          "fr": "https:\/\/instagram.com\/shopify",
          "hi": "https:\/\/instagram.com\/shopify",
          "it": "https:\/\/instagram.com\/shopify",
          "ja": "https:\/\/instagram.com\/shopify",
          "ko": "https:\/\/instagram.com\/shopify",
          "nb": "https:\/\/instagram.com\/shopify",
          "nl": "https:\/\/instagram.com\/shopify",
          "pl": "https:\/\/instagram.com\/shopify",
          "pt-BR": "https:\/\/instagram.com\/shopify",
          "pt-PT": "https:\/\/instagram.com\/shopify",
          "sv": "https:\/\/instagram.com\/shopify",
          "th": "https:\/\/instagram.com\/shopify",
          "tr": "https:\/\/instagram.com\/shopify",
          "vi": "https:\/\/instagram.com\/shopify",
          "zh-CN": "https:\/\/instagram.com\/shopify",
          "zh-TW": "https:\/\/instagram.com\/shopify"
        }
      },
      {
        "type": "text",
        "id": "social_tumblr_link",
        "label": {
          "cs": "Tumblr",
          "da": "Tumblr",
          "de": "Tumblr",
          "en": "Tumblr",
          "es": "Tumblr",
          "fi": "Tumblr",
          "fr": "Tumblr",
          "hi": "Tumblr",
          "it": "Tumblr",
          "ja": "Tumblr",
          "ko": "Tumblr",
          "nb": "Tumblr",
          "nl": "Tumblr",
          "pl": "Tumblr",
          "pt-BR": "Tumblr",
          "pt-PT": "Tumblr",
          "sv": "Tumblr",
          "th": "Tumblr",
          "tr": "Tumblr",
          "vi": "Tumblr",
          "zh-CN": "Tumblr",
          "zh-TW": "Tumblr"
        },
        "info": {
          "cs": "http:\/\/shopify.tumblr.com",
          "da": "http:\/\/shopify.tumblr.com",
          "de": "http:\/\/shopify.tumblr.com",
          "en": "http:\/\/shopify.tumblr.com",
          "es": "http:\/\/shopify.tumblr.com",
          "fi": "http:\/\/shopify.tumblr.com",
          "fr": "http:\/\/shopify.tumblr.com",
          "hi": "http:\/\/shopify.tumblr.com",
          "it": "http:\/\/shopify.tumblr.com",
          "ja": "http:\/\/shopify.tumblr.com",
          "ko": "http:\/\/shopify.tumblr.com",
          "nb": "http:\/\/shopify.tumblr.com",
          "nl": "http:\/\/shopify.tumblr.com",
          "pl": "http:\/\/shopify.tumblr.com",
          "pt-BR": "http:\/\/shopify.tumblr.com",
          "pt-PT": "http:\/\/shopify.tumblr.com",
          "sv": "http:\/\/shopify.tumblr.com",
          "th": "http:\/\/shopify.tumblr.com",
          "tr": "http:\/\/shopify.tumblr.com",
          "vi": "http:\/\/shopify.tumblr.com",
          "zh-CN": "http:\/\/shopify.tumblr.com",
          "zh-TW": "http:\/\/shopify.tumblr.com"
        }
      },
      {
        "type": "text",
        "id": "social_snapchat_link",
        "label": {
          "cs": "Snapchat",
          "da": "Snapchat",
          "de": "Snapchat",
          "en": "Snapchat",
          "es": "Snapchat",
          "fi": "Snapchat",
          "fr": "Snapchat",
          "hi": "Snapchat",
          "it": "Snapchat",
          "ja": "Snapchat",
          "ko": "Snapchat",
          "nb": "Snapchat",
          "nl": "Snapchat",
          "pl": "Snapchat",
          "pt-BR": "Snapchat",
          "pt-PT": "Snapchat",
          "sv": "Snapchat",
          "th": "Snapchat",
          "tr": "Snapchat",
          "vi": "Snapchat",
          "zh-CN": "Snapchat",
          "zh-TW": "Snapchat"
        },
        "info": {
          "cs": "https:\/\/www.snapchat.com\/add\/shopify",
          "da": "https:\/\/www.snapchat.com\/add\/shopify",
          "de": "https:\/\/www.snapchat.com\/add\/shopify",
          "en": "https:\/\/www.snapchat.com\/add\/shopify",
          "es": "https:\/\/www.snapchat.com\/add\/shopify",
          "fi": "https:\/\/www.snapchat.com\/add\/shopify",
          "fr": "https:\/\/www.snapchat.com\/add\/shopify",
          "hi": "https:\/\/www.snapchat.com\/add\/shopify",
          "it": "https:\/\/www.snapchat.com\/add\/shopify",
          "ja": "https:\/\/www.snapchat.com\/add\/shopify",
          "ko": "https:\/\/www.snapchat.com\/add\/shopify",
          "nb": "https:\/\/snapchat.com\/add\/shopify",
          "nl": "https:\/\/www.snapchat.com\/add\/shopify",
          "pl": "https:\/\/www.snapchat.com\/add\/shopify",
          "pt-BR": "https:\/\/www.snapchat.com\/add\/shopify",
          "pt-PT": "https:\/\/www.snapchat.com\/add\/shopify",
          "sv": "https:\/\/www.snapchat.com\/add\/shopify",
          "th": "https:\/\/www.snapchat.com\/add\/shopify",
          "tr": "https:\/\/www.snapchat.com\/add\/shopify",
          "vi": "https:\/\/www.snapchat.com\/add\/shopify",
          "zh-CN": "https:\/\/www.snapchat.com\/add\/shopify",
          "zh-TW": "https:\/\/www.snapchat.com\/add\/shopify"
        }
      },
      {
        "type": "text",
        "id": "social_youtube_link",
        "label": {
          "cs": "YouTube",
          "da": "YouTube",
          "de": "Youtube",
          "en": "YouTube",
          "es": "Youtube",
          "fi": "YouTube",
          "fr": "YouTube",
          "hi": "YouTube",
          "it": "YouTube",
          "ja": "YouTube",
          "ko": "YouTube",
          "nb": "YouTube",
          "nl": "YouTube",
          "pl": "Youtube",
          "pt-BR": "YouTube",
          "pt-PT": "YouTube",
          "sv": "YouTube",
          "th": "YouTube",
          "tr": "YouTube",
          "vi": "YouTube",
          "zh-CN": "YouTube",
          "zh-TW": "YouTube"
        },
        "info": {
          "cs": "https:\/\/www.youtube.com\/user\/shopify",
          "da": "https:\/\/www.youtube.com\/user\/shopify",
          "de": "https:\/\/www.youtube.com\/user\/shopify",
          "en": "https:\/\/www.youtube.com\/user\/shopify",
          "es": "https:\/\/www.youtube.com\/user\/shopify",
          "fi": "https:\/\/www.youtube.com\/user\/shopify",
          "fr": "https:\/\/www.youtube.com\/user\/shopify",
          "hi": "https:\/\/www.youtube.com\/user\/shopify",
          "it": "https:\/\/www.youtube.com\/user\/shopify",
          "ja": "https:\/\/www.youtube.com\/user\/shopify",
          "ko": "https:\/\/www.youtube.com\/user\/shopify",
          "nb": "https:\/\/www.youtube.com\/user\/shopify",
          "nl": "https:\/\/www.youtube.com\/user\/shopify",
          "pl": "https:\/\/www.youtube.com\/user\/shopify",
          "pt-BR": "https:\/\/www.youtube.com\/user\/shopify",
          "pt-PT": "https:\/\/www.youtube.com\/user\/shopify",
          "sv": "https:\/\/www.youtube.com\/user\/shopify",
          "th": "https:\/\/www.youtube.com\/user\/shopify",
          "tr": "https:\/\/www.youtube.com\/user\/shopify",
          "vi": "https:\/\/www.youtube.com\/user\/shopify",
          "zh-CN": "https:\/\/www.youtube.com\/user\/shopify",
          "zh-TW": "https:\/\/www.youtube.com\/user\/shopify"
        }
      },
      {
        "type": "text",
        "id": "social_vimeo_link",
        "label": {
          "cs": "Vimeo",
          "da": "Vimeo",
          "de": "Vimeo",
          "en": "Vimeo",
          "es": "Vimeo",
          "fi": "Vimeo",
          "fr": "Vimeo",
          "hi": "Vimeo",
          "it": "Vimeo",
          "ja": "Vimeo",
          "ko": "Vimeo",
          "nb": "Vimeo",
          "nl": "Vimeo",
          "pl": "Vimeo",
          "pt-BR": "Vimeo",
          "pt-PT": "Vimeo",
          "sv": "Vimeo",
          "th": "Vimeo",
          "tr": "Vimeo",
          "vi": "Vimeo",
          "zh-CN": "Vimeo",
          "zh-TW": "Vimeo"
        },
        "info": {
          "cs": "https:\/\/vimeo.com\/shopify",
          "da": "https:\/\/vimeo.com\/shopify",
          "de": "https:\/\/vimeo.com\/shopify",
          "en": "https:\/\/vimeo.com\/shopify",
          "es": "https:\/\/vimeo.com\/shopify",
          "fi": "https:\/\/vimeo.com\/shopify",
          "fr": "https:\/\/vimeo.com\/shopify",
          "hi": "https:\/\/vimeo.com\/shopify",
          "it": "https:\/\/vimeo.com\/shopify",
          "ja": "https:\/\/vimeo.com\/shopify",
          "ko": "https:\/\/vimeo.com\/shopify",
          "nb": "https:\/\/vimeo.com\/shopify",
          "nl": "https:\/\/vimeo.com\/shopify",
          "pl": "https:\/\/vimeo.com\/shopify",
          "pt-BR": "https:\/\/vimeo.com\/shopify",
          "pt-PT": "https:\/\/vimeo.com\/shopify",
          "sv": "https:\/\/vimeo.com\/shopify",
          "th": "https:\/\/vimeo.com\/shopify",
          "tr": "https:\/\/vimeo.com\/shopify",
          "vi": "https:\/\/vimeo.com\/shopify",
          "zh-CN": "https:\/\/vimeo.com\/shopify",
          "zh-TW": "https:\/\/vimeo.com\/shopify"
        }
      },
      {
        "type": "header",
        "content": {
          "cs": "Sdílení",
          "da": "Deling",
          "de": "Teilen",
          "en": "Sharing",
          "es": "Compartir",
          "fi": "Jakaminen",
          "fr": "Partage",
          "hi": "शेयर करना",
          "it": "Condivisione",
          "ja": "シェアする",
          "ko": "공유",
          "nb": "Deling",
          "nl": "Delen",
          "pl": "Udostępnianie",
          "pt-BR": "Compartilhamento",
          "pt-PT": "Partilha",
          "sv": "Delning",
          "th": "การแชร์",
          "tr": "Paylaşım",
          "vi": "Chia sẻ",
          "zh-CN": "分享",
          "zh-TW": "分享"
        }
      },
      {
        "type": "checkbox",
        "id": "share_facebook",
        "label": {
          "cs": "Sdílet na Facebooku",
          "da": "Del på Facebook",
          "de": "Auf Facebook teilen",
          "en": "Share on Facebook",
          "es": "Compartir en Facebook",
          "fi": "Jaa Facebookissa",
          "fr": "Partager sur Facebook",
          "hi": "Facebook पर साझा करें",
          "it": "Condividi su Facebook",
          "ja": "Facebookでシェアする",
          "ko": "Facebook에서 공유",
          "nb": "Del på Facebook",
          "nl": "Delen op Facebook",
          "pl": "Udostępnij na Facebooku",
          "pt-BR": "Compartilhar no Facebook",
          "pt-PT": "Partilhe no Facebook",
          "sv": "Dela på Facebook",
          "th": "แชร์บน Facebook",
          "tr": "Facebook'ta paylaş",
          "vi": "Chia sẻ trên Facebook",
          "zh-CN": "在 Facebook 上共享",
          "zh-TW": "分享至 Facebook"
        },
        "default": true
      },
      {
        "type": "checkbox",
        "id": "share_twitter",
        "label": {
          "cs": "Tweetnout na Twitteru",
          "da": "Tweet på Twitter",
          "de": "Auf Twitter twittern",
          "en": "Tweet on Twitter",
          "es": "Tuitear en Twitter",
          "fi": "Twiittaa Twitterissä",
          "fr": "Tweeter sur Twitter",
          "hi": "Twitter पर ट्वीट करें",
          "it": "Twitta su Twitter",
          "ja": "Twitterに投稿する",
          "ko": "Twitter에서 트윗 작성",
          "nb": "Tweet på Twitter",
          "nl": "Twitteren op Twitter",
          "pl": "Tweetuj na Twitterze",
          "pt-BR": "Tuitar",
          "pt-PT": "Twittar no Twitter",
          "sv": "Twittra på Twitter",
          "th": "ทวีตบน Twitter",
          "tr": "Twitter'da tweet'le",
          "vi": "Tweet trên Twitter",
          "zh-CN": "在 Twitter 上发推文",
          "zh-TW": "在 Twitter 上發佈推文"
        },
        "default": true
      },
      {
        "type": "checkbox",
        "id": "share_pinterest",
        "label": {
          "cs": "Připnout na Pinterestu",
          "da": "Pin på Pinterest",
          "de": "Auf Pinterest pinnen",
          "en": "Pin on Pinterest",
          "es": "Pinear en Pinterest",
          "fi": "Pinnaa Pinterestissä",
          "fr": "Épingler sur Pinterest",
          "hi": "Pinterest पर पिन करें",
          "it": "Pinna su Pinterest",
          "ja": "Pinterestでピンする",
          "ko": "Pinterest에 고정하기",
          "nb": "Pin på Pinterest",
          "nl": "Pinnen op Pinterest",
          "pl": "Przypnij do tablicy Pinterest",
          "pt-BR": "Incluir como pin no Pinterest",
          "pt-PT": "Adicione no Pinterest",
          "sv": "Spara en pin på Pinterest",
          "th": "ปักหมุดบน Pinterest",
          "tr": "Pinterest'te pin ekle",
          "vi": "Ghim trên Pinterest",
          "zh-CN": "固定在 Pinterest 上",
          "zh-TW": "加入 Pinterest"
        },
        "default": true
      }
    ]
  },
  {
    "name": {
      "cs": "Favikona",
      "da": "Favoritikon",
      "de": "Favicon",
      "en": "Favicon",
      "es": "Favicon",
      "fi": "Favicon",
      "fr": "Favicon",
      "hi": "Favicon",
      "it": "Favicon",
      "ja": "ファビコン",
      "ko": "Favicon",
      "nb": "Favicon",
      "nl": "Favicon",
      "pl": "Ikona Favicon",
      "pt-BR": "Favicon",
      "pt-PT": "Favicon",
      "sv": "Favicon",
      "th": "Favicon",
      "tr": "Favicon",
      "vi": "Biểu tượng trang web",
      "zh-CN": "网站图标",
      "zh-TW": "Favicon"
    },
    "settings": [
      {
        "type": "image_picker",
        "id": "favicon",
        "label": {
          "cs": "Obrázek favikony",
          "da": "Billede for favoritikon",
          "de": "Favicon-Bild",
          "en": "Favicon image",
          "es": "Imagen de favicon",
          "fi": "Favicon-kuva",
          "fr": "Image favicon",
          "hi": "favicon इमेज",
          "it": "Immagine favicon",
          "ja": "ファビコン画像",
          "ko": "파비콘 이미지",
          "nb": "Favicon-bilde",
          "nl": "Favicon-afbeelding",
          "pl": "Obraz ikony Favicon",
          "pt-BR": "Imagem favicon",
          "pt-PT": "Imagem Favicon",
          "sv": "Favicon-bild",
          "th": "รูปภาพ Favicon",
          "tr": "Favicon görseli",
          "vi": "Hình ảnh biểu tượng trang web",
          "zh-CN": "网站图标图片",
          "zh-TW": "Favicon 圖片"
        },
        "info": {
          "cs": "Dojde ke zmenšení na 32 × 32 px",
          "da": "Skaleres ned til 32 x 32 px",
          "de": "Wird auf 32 x 32 Pixel verkleinert",
          "en": "Will be scaled down to 32 x 32px",
          "es": "Se reducirá a 32 x 32px",
          "fi": "Skaalataan 32 x 32 pikseliin",
          "fr": "Sera réduite à 32 x 32 px",
          "hi": "32 x 32 पिक्सेल के आकार का कर दिया जाएगा",
          "it": "Verrà ridimensionata a 32 x 32 pixel.",
          "ja": "32×32ピクセルに縮小されます。",
          "ko": "32x32 픽셀로 축소됩니다.",
          "nb": "Vil skaleres ned til 32 x 32 px",
          "nl": "Wordt verkleind tot 32x32 pixels",
          "pl": "Zostanie zmniejszony do rozmiaru 32 x 32 px",
          "pt-BR": "Será reduzida para 32 x 32 pixels",
          "pt-PT": "Será reduzida para 32 x 32 px",
          "sv": "Kommer skalas ned till 32 x 32 px",
          "th": "จะถูกลดขนาดลงเป็น 32 x 32 พิกเซล",
          "tr": "Ölçeği 32 x 32 piksele düşürülür",
          "vi": "Sẽ được thu nhỏ xuống 32 x 32px",
          "zh-CN": "将缩小到 32 x 32px",
          "zh-TW": "將會縮小為 32 x 32 像素"
        }
      }
    ]
  }
]